Scenario,D,R,Accs,Main,Avg Profit,Win Rate,Avg Trades
Baseline,0.01,0.02,5,40%,965507.1103339382,100.0,104.3
Wider Dips,0.02,0.03,5,40%,916089.7350130315,100.0,101.56666666666666
More Accs,0.015,0.025,7,30%,692389.4098875,100.0,76.93333333333334
Heavy Main,0.01,0.02,5,60%,1371472.6113448604,100.0,153.03333333333333
